murari.krishnan,1.0
ajon0002,1.0
ajon0002,2.0
ajon0002,3.0
ajon0002,4.0
ajon0002,5.0
ajon0002,6.0
ajon0002,7.0
ajon0002,8.0
ajon0002,9.0
Vincent,1.0
Vincent,2.0
Vincent,3.0
Vincent,4.0
Vincent,5.0
Vincent,6.0
Vincent,7.0
Vincent,8.0
Vincent,9.0
Vincent,10.0
Vincent,11.0
Vincent,12.0
Vincent,13.0
Vincent,14.0
Vincent,15.0
Vincent,16.0
Vincent,17.0
Vincent,18.0
Vincent,19.0
Vincent,20.0
Vincent,21.0
Vincent,22.0
Vincent,23.0
Vincent,24.0
Vincent,25.0
Vincent,26.0
Thomas,1.0
Thomas,2.0
Thomas,3.0
Thomas,4.0
Thomas,5.0
Thomas,6.0
Thomas,7.0
Thomas,8.0
Thomas,9.0
Thomas,10.0
Thomas,11.0
Thomas,12.0
Thomas,13.0
Thomas,14.0
Thomas,15.0
Thomas,16.0
Thomas,17.0
Thomas,18.0
Thomas,19.0
Thomas,20.0
Thomas,21.0
Thomas,22.0
Thomas,23.0
Thomas,24.0
Thomas,25.0
Thomas,26.0
Thomas,27.0
Thomas,28.0
Thomas,29.0
Thomas,30.0
Thomas,31.0
Thomas,32.0
Thomas,33.0
Thomas,34.0
Thomas,35.0
Thomas,36.0
Thomas,37.0
Thomas,38.0
Thomas,39.0
Thomas,40.0
Thomas,41.0
Thomas,42.0
Thomas,43.0
Thomas,44.0
Thomas,45.0
Thomas,46.0
Thomas,47.0
Thomas,48.0
Thomas,49.0
Thomas,50.0
Thomas,51.0
Thomas,52.0
Thomas,53.0
Thomas,54.0
Thomas,55.0
Thomas,56.0
Thomas,57.0
Thomas,58.0
Thomas,59.0
Thomas,60.0
Thomas,61.0
Thomas,62.0
Thomas,63.0
Thomas,64.0
Thomas,65.0
Thomas,66.0
Thomas,67.0
Thomas,68.0
Thomas,69.0
Thomas,70.0
Thomas,71.0
Thomas,72.0
Thomas,73.0
Thomas,74.0
Thomas,75.0
Thomas,76.0
Thomas,77.0
Thomas,78.0
Thomas,79.0
Thomas,80.0
Thomas,81.0
Thomas,82.0
Thomas,83.0
Thomas,84.0
Thomas,85.0
Thomas,86.0
Thomas,87.0
Thomas,88.0
Thomas,89.0
Thomas,90.0
Thomas,91.0
Thomas,92.0
Thomas,93.0
Thomas,94.0
Thomas,95.0
Thomas,96.0
Thomas,97.0
Thomas,98.0
Thomas,99.0
Thomas,100.0
Thomas,101.0
Thomas,102.0
Thomas,103.0
Thomas,104.0
Thomas,105.0
Thomas,106.0
Thomas,107.0
Thomas,108.0
Thomas,109.0
Thomas,110.0
Thomas,111.0
Thomas,112.0
Thomas,113.0
Thomas,114.0
Thomas,115.0
Thomas,116.0
Thomas,117.0
Thomas,118.0
Thomas,119.0
Thomas,120.0
Thomas,121.0
Thomas,122.0
Thomas,123.0
Thomas,124.0
Thomas,125.0
Thomas,126.0
Thomas,127.0
Thomas,128.0
Thomas,129.0
Thomas,130.0
Thomas,131.0
Thomas,132.0
Thomas,133.0
Thomas,134.0
Thomas,135.0
Thomas,136.0
Thomas,137.0
Thomas,138.0
Thomas,139.0
Thomas,140.0
Thomas,141.0
Thomas,142.0
Thomas,143.0
Thomas,144.0
Thomas,145.0
Thomas,146.0
Thomas,147.0
Thomas,148.0
Thomas,149.0
Thomas,150.0
Thomas,151.0
Thomas,152.0
Thomas,153.0
Thomas,154.0
Thomas,155.0
Thomas,156.0
Thomas,157.0
Thomas,158.0
Thomas,159.0
Thomas,160.0
Thomas,161.0
Thomas,162.0
Thomas,163.0
Thomas,164.0
Thomas,165.0
Thomas,166.0
Thomas,167.0
Thomas,168.0
Thomas,169.0
Thomas,170.0
Thomas,171.0
Thomas,172.0
Thomas,173.0
Thomas,174.0
Thomas,175.0
Thomas,176.0
Thomas,177.0
Thomas,178.0
Thomas,179.0
Thomas,180.0
Thomas,181.0
Thomas,182.0
Thomas,183.0
Thomas,184.0
Thomas,185.0
Thomas,186.0
Thomas,187.0
Thomas,188.0
Thomas,189.0
Thomas,190.0
Thomas,191.0
Nicky,1.0
Nicky,2.0
Nicky,3.0
Nicky,4.0
Nicky,5.0
Jimmy,1.0
Jimmy,2.0
Jimmy,3.0
Jimmy,4.0
Jimmy,5.0
Jimmy,6.0
Jimmy,7.0
Jimmy,8.0
Jimmy,9.0
Jimmy,10.0
Jimmy,11.0
Jimmy,12.0
Jimmy,13.0
Jimmy,14.0
Jimmy,15.0
Jimmy,16.0
Jimmy,17.0
Jimmy,18.0
Jimmy,19.0
Jimmy,20.0
Jimmy,21.0
Jimmy,22.0
Jimmy,23.0
Jimmy,24.0
Jimmy,25.0
Jimmy,26.0
Jimmy,27.0
Jimmy,28.0
Jimmy,29.0
Jimmy,30.0
Jimmy,31.0
Jimmy,32.0
Jimmy,33.0
Jimmy,34.0
Jimmy,35.0
Jimmy,36.0
Jimmy,37.0
Jimmy,38.0
Jimmy,39.0
Jimmy,40.0
Jimmy,41.0
Jimmy,42.0
Jimmy,43.0
Jimmy,44.0
Jimmy,45.0
Jimmy,46.0
Jimmy,47.0
Jimmy,48.0
Jimmy,49.0
Jimmy,50.0
Jimmy,51.0
Jimmy,52.0
Jimmy,53.0
Jimmy,54.0
Jimmy,55.0
Jimmy,56.0
Jimmy,57.0
Jimmy,58.0
Jimmy,59.0
Jimmy,60.0
Jimmy,61.0
Jimmy,62.0
Jimmy,63.0
Jimmy,64.0
Jimmy,65.0
Jimmy,66.0
Jimmy,67.0
Jimmy,68.0
Jimmy,69.0
Jimmy,70.0
Jimmy,71.0
Jimmy,72.0
Jimmy,73.0
Jimmy,74.0
Jimmy,75.0
Jimmy,76.0
Jimmy,77.0
Jimmy,78.0
Jimmy,79.0
Jimmy,80.0
Jimmy,81.0
Jimmy,82.0
Jimmy,83.0
Jimmy,84.0
Jimmy,85.0
Jimmy,86.0
Jimmy,87.0
Jimmy,88.0
Jimmy,89.0
Jimmy,90.0
Jimmy,91.0
Jimmy,92.0
Jimmy,93.0
Jimmy,94.0
Jimmy,95.0
Jimmy,96.0
Jimmy,97.0
Jimmy,98.0
Jimmy,99.0
Jimmy,100.0
Jimmy,101.0
Jimmy,102.0
Jimmy,103.0
Jimmy,104.0
Jimmy,105.0
Jimmy,106.0
Jimmy,107.0
Jimmy,108.0
Jimmy,109.0
Jimmy,110.0
Jimmy,111.0
Jimmy,112.0
Jimmy,113.0
Jimmy,114.0
Jimmy,115.0
Jimmy,116.0
Jimmy,117.0
Jimmy,118.0
Jimmy,119.0
Jimmy,120.0
Jimmy,121.0
Jimmy,122.0
Jimmy,123.0
Jimmy,124.0
Jimmy,125.0
Jimmy,126.0
Jimmy,127.0
Jimmy,128.0
Jimmy,129.0
Jimmy,130.0
Jimmy,131.0
Jimmy,132.0
Jimmy,133.0
Jimmy,134.0
Jimmy,135.0
Jimmy,136.0
Jimmy,137.0
Jimmy,138.0
Jimmy,139.0
Jimmy,140.0
Jimmy,141.0
Jimmy,142.0
Jimmy,143.0
Jimmy,144.0
Jimmy,145.0
Jimmy,146.0
Jimmy,147.0
Jimmy,148.0
Jimmy,149.0
Jimmy,150.0
Jimmy,151.0
Jimmy,152.0
Freddie,1.0
Freddie,2.0
Freddie,3.0
Freddie,4.0
Freddie,5.0
Freddie,6.0
Freddie,7.0
Dave,1.0
Dave,2.0
Alan,1.0
Alan,2.0
Alan,3.0
Alan,4.0
Alan,5.0
/OU=Domain Control Validated/CN=svn.company.net,1.0
/OU=Domain Control Validated/CN=svn.company.net,2.0
/OU=Domain Control Validated/CN=svn.company.net,3.0
/OU=Domain Control Validated/CN=svn.company.net,4.0
/OU=Domain Control Validated/CN=svn.company.net,5.0
/OU=Domain Control Validated/CN=svn.company.net,6.0
/OU=Domain Control Validated/CN=svn.company.net,7.0
/OU=Domain Control Validated/CN=svn.company.net,8.0
/OU=Domain Control Validated/CN=svn.company.net,9.0
/OU=Domain Control Validated/CN=svn.company.net,10.0
/OU=Domain Control Validated/CN=svn.company.net,11.0
/OU=Domain Control Validated/CN=svn.company.net,12.0
/OU=Domain Control Validated/CN=svn.company.net,13.0
/OU=Domain Control Validated/CN=svn.company.net,14.0
/OU=Domain Control Validated/CN=svn.company.net,15.0
/OU=Domain Control Validated/CN=svn.company.net,16.0
/OU=Domain Control Validated/CN=svn.company.net,17.0
/OU=Domain Control Validated/CN=svn.company.net,18.0
/OU=Domain Control Validated/CN=svn.company.net,19.0
/OU=Domain Control Validated/CN=svn.company.net,20.0
/OU=Domain Control Validated/CN=svn.company.net,21.0
/OU=Domain Control Validated/CN=svn.company.net,22.0
/OU=Domain Control Validated/CN=svn.company.net,23.0
/OU=Domain Control Validated/CN=svn.company.net,24.0
